iter	RMSE
0	0.1702846198
1	0.1622530331
